<application>
  <component name="DefaultFont">
    <option name="FONT_SIZE" value="22" />
    <option name="FONT_FAMILY" value="DejaVuSansMono NF" />
    <option name="LINE_SPACING" value="1.0" />
    <option name="SECONDARY_FONT_FAMILY" value="Iosevka Medium" />
  </component>
  <component name="EditorSettings">
    <option name="languageBreadcrumbsMap">
      <map>
        <entry key="go" value="true" />
      </map>
    </option>
    <option name="USE_SOFT_WRAPS" value="MAIN_EDITOR:CONSOLE" />
    <option name="SOFT_WRAP_FILE_MASKS" value="*" />
  </component>
</application>